{
  "timestamp": "2026-07-03T00:02:32.767734",
  "repository": "/Users/umashankar/Downloads/code/python_files",
  "summary": {
    "total_files": 407,
    "total_size_mb": 852.6823720932007,
    "duplicate_files": 15,
    "duplicate_size_mb": 67.00371170043945,
    "potential_savings_mb": 67.00371170043945
  },
  "by_file_type": {
    ".txt": {
      "count": 13,
      "size_mb": 0.0891275405883789,
      "avg_size_kb": 7.0205078125
    },
    ".py": {
      "count": 115,
      "size_mb": 1.5001544952392578,
      "avg_size_kb": 13.357897418478261
    },
    ".md": {
      "count": 33,
      "size_mb": 0.2489643096923828,
      "avg_size_kb": 7.725437973484849
    },
    ".csv": {
      "count": 10,
      "size_mb": 0.5733633041381836,
      "avg_size_kb": 58.71240234375
    },
    ".json": {
      "count": 30,
      "size_mb": 3.637727737426758,
      "avg_size_kb": 124.1677734375
    },
    ".yaml": {
      "count": 1,
      "size_mb": 0.0006685256958007812,
      "avg_size_kb": 0.6845703125
    },
    "no_extension": {
      "count": 28,
      "size_mb": 0.025693893432617188,
      "avg_size_kb": 0.9396623883928571
    },
    ".R": {
      "count": 3,
      "size_mb": 0.08345985412597656,
      "avg_size_kb": 28.487630208333332
    },
    ".html": {
      "count": 14,
      "size_mb": 0.0637054443359375,
      "avg_size_kb": 4.659598214285714
    },
    ".sh": {
      "count": 4,
      "size_mb": 0.007245063781738281,
      "avg_size_kb": 1.854736328125
    },
    ".toml": {
      "count": 1,
      "size_mb": 0.000888824462890625,
      "avg_size_kb": 0.91015625
    },
    ".log": {
      "count": 13,
      "size_mb": 0.4708395004272461,
      "avg_size_kb": 37.08766526442308
    },
    ".svg": {
      "count": 1,
      "size_mb": 0.006427764892578125,
      "avg_size_kb": 6.58203125
    },
    ".xlsx": {
      "count": 9,
      "size_mb": 8.08700942993164,
      "avg_size_kb": 920.1219618055555
    },
    ".ipynb": {
      "count": 1,
      "size_mb": 0.00638580322265625,
      "avg_size_kb": 6.5390625
    },
    ".plist": {
      "count": 2,
      "size_mb": 0.00264739990234375,
      "avg_size_kb": 1.35546875
    },
    ".example": {
      "count": 1,
      "size_mb": 0.000514984130859375,
      "avg_size_kb": 0.52734375
    },
    ".TAG": {
      "count": 2,
      "size_mb": 0.0002231597900390625,
      "avg_size_kb": 0.1142578125
    },
    ".parquet": {
      "count": 119,
      "size_mb": 835.8725032806396,
      "avg_size_kb": 7192.71801142332
    },
    ".sha256": {
      "count": 1,
      "size_mb": 0.01896190643310547,
      "avg_size_kb": 19.4169921875
    },
    ".pkl": {
      "count": 3,
      "size_mb": 1.9830608367919922,
      "avg_size_kb": 676.884765625
    },
    ".yml": {
      "count": 3,
      "size_mb": 0.0027990341186523438,
      "avg_size_kb": 0.9554036458333334
    }
  },
  "duplicates": [
    {
      "hash": "46b05199...",
      "copies": 2,
      "size_per_copy_mb": 6.818356513977051,
      "total_wasted_mb": 6.818356513977051,
      "paths": [
        "cache_seed/cleaned_long_TW.parquet",
        "cache_seed/ltm/TW.parquet"
      ],
      "recommendation": "Keep in cache_seed/, symlink from other branches"
    },
    {
      "hash": "a94e828e...",
      "copies": 2,
      "size_per_copy_mb": 3.8300342559814453,
      "total_wasted_mb": 3.8300342559814453,
      "paths": [
        "cache_seed/cleaned_long_EU.parquet",
        "cache_seed/ltm/EU.parquet"
      ],
      "recommendation": "Keep in cache_seed/, symlink from other branches"
    },
    {
      "hash": "d5905409...",
      "copies": 2,
      "size_per_copy_mb": 3.7922067642211914,
      "total_wasted_mb": 3.7922067642211914,
      "paths": [
        "cache_seed/cleaned_long_CA.parquet",
        "cache_seed/ltm/CA.parquet"
      ],
      "recommendation": "Keep in cache_seed/, symlink from other branches"
    },
    {
      "hash": "522cda2e...",
      "copies": 2,
      "size_per_copy_mb": 3.3941259384155273,
      "total_wasted_mb": 3.3941259384155273,
      "paths": [
        "cache_seed/cleaned_long_AU.parquet",
        "cache_seed/ltm/AU.parquet"
      ],
      "recommendation": "Keep in cache_seed/, symlink from other branches"
    },
    {
      "hash": "e76e3d8f...",
      "copies": 2,
      "size_per_copy_mb": 3.1785192489624023,
      "total_wasted_mb": 3.1785192489624023,
      "paths": [
        "cache_seed/cleaned_long_UK.parquet",
        "cache_seed/ltm/UK.parquet"
      ],
      "recommendation": "Keep in cache_seed/, symlink from other branches"
    },
    {
      "hash": "8756088d...",
      "copies": 2,
      "size_per_copy_mb": 2.684864044189453,
      "total_wasted_mb": 2.684864044189453,
      "paths": [
        "cache_seed/cleaned_long_HK.parquet",
        "cache_seed/ltm/HK.parquet"
      ],
      "recommendation": "Keep in cache_seed/, symlink from other branches"
    },
    {
      "hash": "abb72e68...",
      "copies": 2,
      "size_per_copy_mb": 1.9503374099731445,
      "total_wasted_mb": 1.9503374099731445,
      "paths": [
        "cache_seed/cleaned_long_SE.parquet",
        "cache_seed/ltm/SE.parquet"
      ],
      "recommendation": "Keep in cache_seed/, symlink from other branches"
    },
    {
      "hash": "5ff962a4...",
      "copies": 2,
      "size_per_copy_mb": 1.470932960510254,
      "total_wasted_mb": 1.470932960510254,
      "paths": [
        "cache_seed/cleaned_long_SA.parquet",
        "cache_seed/ltm/SA.parquet"
      ],
      "recommendation": "Keep in cache_seed/, symlink from other branches"
    },
    {
      "hash": "ef30735c...",
      "copies": 2,
      "size_per_copy_mb": 1.4084148406982422,
      "total_wasted_mb": 1.4084148406982422,
      "paths": [
        "cache_seed/cleaned_long_DE.parquet",
        "cache_seed/ltm/DE.parquet"
      ],
      "recommendation": "Keep in cache_seed/, symlink from other branches"
    },
    {
      "hash": "b0cab53c...",
      "copies": 2,
      "size_per_copy_mb": 1.1981382369995117,
      "total_wasted_mb": 1.1981382369995117,
      "paths": [
        "cache_seed/cleaned_long_SG.parquet",
        "cache_seed/ltm/SG.parquet"
      ],
      "recommendation": "Keep in cache_seed/, symlink from other branches"
    },
    {
      "hash": "23ee81c9...",
      "copies": 2,
      "size_per_copy_mb": 1.0359601974487305,
      "total_wasted_mb": 1.0359601974487305,
      "paths": [
        "cache_seed/cleaned_long_BR.parquet",
        "cache_seed/ltm/BR.parquet"
      ],
      "recommendation": "Keep in cache_seed/, symlink from other branches"
    },
    {
      "hash": "faa92087...",
      "copies": 2,
      "size_per_copy_mb": 0.836543083190918,
      "total_wasted_mb": 0.836543083190918,
      "paths": [
        "cache_seed/cleaned_long_ZA.parquet",
        "cache_seed/ltm/ZA.parquet"
      ],
      "recommendation": "Keep in cache_seed/, symlink from other branches"
    },
    {
      "hash": "b1340571...",
      "copies": 2,
      "size_per_copy_mb": 0.8321514129638672,
      "total_wasted_mb": 0.8321514129638672,
      "paths": [
        "cache_seed/cleaned_long_CH.parquet",
        "cache_seed/ltm/CH.parquet"
      ],
      "recommendation": "Keep in cache_seed/, symlink from other branches"
    },
    {
      "hash": "a88f5776...",
      "copies": 2,
      "size_per_copy_mb": 0.6832551956176758,
      "total_wasted_mb": 0.6832551956176758,
      "paths": [
        "cache_seed/cleaned_long_FI.parquet",
        "cache_seed/ltm/FI.parquet"
      ],
      "recommendation": "Keep in cache_seed/, symlink from other branches"
    },
    {
      "hash": "bc1acded...",
      "copies": 2,
      "size_per_copy_mb": 0.3880157470703125,
      "total_wasted_mb": 0.3880157470703125,
      "paths": [
        "cache_seed/cleaned_long_DK.parquet",
        "cache_seed/ltm/DK.parquet"
      ],
      "recommendation": "Keep in cache_seed/, symlink from other branches"
    }
  ],
  "data_categories": {
    "cache_data": {
      "count": 0,
      "size_mb": 0.0,