{
  "total_collections": 2011845.2485506204,
  "avg_daily_collection": 5987.634668305417,
  "avg_plaza_revenue": 1436.0066013923058,
  "monthly_breakdown": {
    "2024-01": 173139.25123355314,
    "2024-02": 162506.15758270214,
    "2024-03": 173337.96505406965,
    "2024-04": 168515.6011964745,
    "2024-05": 175565.27903260157,
    "2024-06": 164875.03492161003,
    "2024-07": 174505.52049190569,
    "2024-08": 171884.81311180993,
    "2024-09": 166766.45977982576,
    "2024-10": 175139.2807230093,
    "2024-11": 169921.21531576614,
    "2024-12": 135688.67010729256
  },
  "state_breakdown": {
    "2 lane with paved shoulders from km. 0+000 to 132+955 of Ujjain \u2013 Jhalawar upto Rajasthan\nborder of NH 552 G with 0.620 km stretch of Ujjain city in the state of Madhya Pradesh on EPC\nmode.": 2608.364582765252,
    "2 lane+PS road Shahdol- Anuppur at Madhya Pradesh/ Chhatisgarh Border Section from chainage\nkm 142.200 to km 234.000 ( NH 43)": 3121.8235334738347,
    "2-LPS Kaithal to Haryana Rajasthan Border": 1251.0851771773087,
    "2LPS of Bheem-Parasoli-Gulabpura including Parasoli bypass, NH-148D (Package-I&II) in the State\nof Rajasthan": 1234.202879902728,
    "2LPS of Lambia-Raipur in the State of Rajasthan": 1226.9309241754859,
    "2LPS of Nimbi Jodha (Near Ladnu)-Degana-Merta City Section of NH-458 (Package-I) in the State of\nRajasthan": 3157.5975336624892,
    "4-Laning of Dewas-Ujjain section of NH-148 NG from design Ch. 0+000 to 19+733 & Construction\nof 4-Lane Ujjain Bypass from Design Ch. 19+733 to 26+900 (Part I) and Construction of 4-Lane\nDewas Bypass from design Ch. 0+000 to 14+520 (Part II) with a total Design Length of 41.42 Km in\nthe State of Madhya Pradesh on HAM Mode.": 1670.331492156305,
    "4-Laning of Lalitpur-Sagar-Lakhnadon section of NH-44 Ch. 099+005 to 415+089 TOT-12 State of\nMadhya Pradesh & Uttar Pradesh.": 5607.399206943645,
    "4-laning of Rohtak-Jind section from km .307+000 to km.347+800 of NH-71 and connecting link\nfrom Km.347.800 of NH-71 to km .9+400 of NH-71A (Balance work) on EPC mode under\nBharatmala (Left out in NHDP) in the State of Haryana": 1267.0645622688896,
    "4lane Bhilwara-Ladpura Section of from (Km 87.25 to 155)in the Rajasthan": 1359.6214874277443,
    "4lane Chittorgarh-Kota section of from (km.891.929 to km. 1052.429) in the State of Rajasthan": 3194.9665955800183,
    "4lane Gomati Chauraha-Udaipur section of NH - 58 in Rajasthan (BOT)": 2896.8696217450524,
    "4lane Rajsamand-Bhilwara section (km. 0 to 87.25) in Rajasthan (BOT)": 1336.0855875871343,
    "AP/ Karnataka Border - Devanhalli": 1487.9915202971993,
    "AP/Telangana Border - Rudrampur": 1735.7206652304776,
    "Amritsar -Jamnagar Section\n6-lane access controlled Greenfield highway from Km. 4+888 to Km 130+073 of Rajasthan/Gujarat\nborder to\nSantalpur section of NH-754A as a part of Amritsar-Jamnagar Economic Corridor in the State of\nGujarat": 12688.09667784989,
    "Andhra Pradesh": 135618.91802933533,
    "Balance work for four laning of utarsi to Betul Section of NH-69 from km. 63.000 to km. 137.00\n(Design length 73.955 km) in the state of Madhya Pradesh (Package-II/NH-69) on EPC mode:.": 1427.6181798608252,
    "Balance work of 4 landing from Fagne - Maharashtra Gujrat border section of NH-53": 3362.0969375764757,
    "Bandikul to Jaipur ( Dausa/Delhi-Mumbai Expressway)": 1165.5548298662425,
    "Biaora to Maksudangarh section from design Km 3.150 to 42.510 and Maksudangarh to Sironj\nsection from design Km 42.510 to Km 92.640 on NH-752B in the State of Madhya Pradesh": 1387.3665250924687,
    "Bijni to West Bengal/ Assam border\nPIU Bongoigaon": 1001.0632044750047,
    "Chattisgarh/Maharashtra Border - Wainganga Bridge": 1281.6009771955212,
    "Delhi": 100226.94341120358,
    "Delhi / Haryana Border - Rohtak": 983.6295561546144,
    "Delhi- Vadodara Mumbai Expressway NE-4 in the state of Madhya Pradesh": 11022.81807577588,
    "Delhi-Amritsar-Katra Expressway": 9258.814549858189,
    "Delhi-Amritsar-Katra Expressway (Ch. 79.090)": 1553.8972917793456,
    "Delhi-Amritsar-Katra Expressway (Ch. 87+122)": 1368.0184815124192,
    "Delhi-Vadodra Expressway in the states of Haryana and Rajasthan on EPC Mode": 4460.086129660837,
    "Delhi-Vadodra Greenfield alignment (EPC)": 3985.510867489396,
    "Delhi/Haryana/Kundli Border - Panipat": 1371.2441299665638,
    "Four Laning of Chicholi to Betul section (Harda-Betul Pkg-3) of Harda-Betul Section of NH-47 from\nDesign Ch 81.000 to Design Ch 121.248 (Length- 40.248 km) under Bharatmala Pariyojana Phase-I\n(Economic Corridor) in the state of Madhya Pradesh on Hybrid Annuity Mode": 1464.114229034024,
    "Four lane Stand Alone Ring Road / Bypasses for Nagpur City section from Km 0.500 to Km. 34.000\nin the State of Maharashtra.": 1585.7782628963432,
    "Four lane Stand Alone Ring Road / Bypasses for Nagpur City section from Km 34.000 to Km. 62.035\nin the State of Maharashtra.": 981.986741204178,
    "Four laning of Harda to Temagaon section from (Design Ch. -0.400) to (Design Ch. 30+000) section\nof NH-47 (Design Length - 30.000km) under Bharatmala Pariyojna Phase-1 (Economic Corridor) in\nthe state of Madhya Pradesh on Hybrid Annuity Mode": 1383.2373898869564,
    "Four laning of Waranga to Mahagaon (Pkg-I) section of NH-361 in the state of Maharashtra": 1368.5830881388986,
    "Gagalheri-Saharanpur-Yamunanagar (UP/Haryana border) NHDP-IV": 1727.6961477364316,
    "Goa-Karnataka Border to Kundapur": 4422.197774821887,
    "Godhra - Gujarat / MP Border": 1399.440760015504,
    "Govindpur-(Rajganj)-Chas-West Bengal Border section": 1461.458949856444,
    "Gujarat": 85704.28512272508,
    "Gujarat-MP Border Section": 1504.8372834866097,
    "Gujarat/Mah Border - Surat-Hazira port section": 2611.230878537227,
    "Haryana": 53762.054469397954,
    "Himachal Pradesh": 9084.241457735305,
    "Ibrahimpatnam \u2013 AP / Telangana Border": 1502.9831975576599,
    "Jallandhar-Punjab/J&K border": 2363.3321078577674,
    "Jhalawar Rajasthan MP Border, NH-52": 1754.9190760005151,
    "Johariya Shaikh Fee Plaza at Km. 165.350 at NH-86 Ext. (New NH-146) on Bhopal-Sagar-Sanchi\nSection from Km 81 to Km. 187.600 in the State of Madhya Pradesh": 1193.6299479534987,
    "Kaithal-Haryana/Rajasthan Border": 2429.634520339245,
    "Karnataka": 85685.06486447588,
    "Khudus-Dharmpuri-Lonand section of NH 965 (Sant Dnyaneshwar Maharaj Palkhi Marg) in the State\nof Maharashtra": 1552.0955213465154,
    "MP/Maharashtra Border - Dhule": 3352.4024374181404,
    "MP/Maharashtra Border - Nagpur & Nagpur Bypass and operation and maintenance of already four\nlaned (Nagpur - Hyderabad)": 4203.369224026905,
    "Madhya Pradesh": 101925.14866218067,
    "Maharashtra": 146618.50101421832,
    "Maharashtra Border -Belgaum": 1163.8886978472212,
    "Maharashtra/AP Border - Islam Nagar\nTOT-16": 1116.114483703288,
    "Malakonda to Singarayakonda of NH-167B in the State of Andhra Pradesh": 1449.3628433150507,
    "Mangloor to Telangana/Maharashtra Section": 1594.7504258200217,
    "Mulbagal-Karnataka / AP border": 1386.8097279699246,
    "NH-47/ Indore to Gujarat Border": 3007.5034123002,
    "NH-52/ Khalghat -Mp/Maharashtra Border": 1504.3139733268363,
    "Nandgaon Peth - Morshi Section km 0.000 - Km 43.000 in thestate of Maharashtra": 1444.0004717911222,
    "Punjab": 64567.47702786875,
    "Punjab/Hr. Border - Jind-4L": 928.2405175289764,
    "Rai Malikpur (Rajasthan / Haryana border) \u2013 Narnaul- Mohindergarh- Charkhi Dadri-Bhiwani \u2013 Kharak)\nSection": 1324.0389128814716,
    "Raj./Hr. Border-Bhiwani-Hansi-Punjab Border": 1169.509314080633,
    "Rajasthan": 211291.65978877817,
    "Rajasthan Border-Fatehpur-Salasar (2 lane with PS)": 4641.535515516624,